,,Profile dimensions,,,,,Area properties,,,,,Inertia properties about major axis y-y,,,,Inertia properties about minor axis z-z,,,,Torsional & warping properties,,,,Axial force & shear resistance,,,Bending major axis y-y,,Bending minor axis z-z,,Buckling curve,,Section classification,,
Profile,Drawing,Depth,Width,Web thickness,Flange thickness,Root radius,Weight,Perimeter,Area,Shear area z-z,Shear area y-y,Second moment of area,Radius of gyration,Elastic section modulus,Plastic section modulus,Second moment of area,Radius of gyration,Elastic section modulus,Plastic section modulus,Torsion constant,Torsion modulus,Warping constant,Warping modulus,Design plastic axial force resistance,Design plastic shear force resistance z-z,Design plastic shear force resistance y-y,Design elastic bending moment resistance,Design plastic bending moment resistance,Design elastic bending moment resistance,Design plastic bending moment resistance,Buckling about major axis y-y,Buckling about minor axis z-z,Web in pure bending about major axis y-y,Web in pure uniform compression,Flanges in uniform compression due to axial force or bending moment
,,h,b,tw,tf,r,m,P,A,"Av,z","Av,y",Iy,iy,"Wel,y","Wpl,y",Iz,iz,"Wel,z","Wpl,z",IT,WT,Iw,Ww,"Npl,Rd","Vpl,Rd,z","Vpl,Rd,y","Mel,Rd,y","Mpl,Rd,y","Mel,Rd,z","Mpl,Rd,z",,,,,
,,[mm],[mm],[mm],[mm],[mm],[kg/m],[m],[mm2],[mm2],[mm2],[×106 mm4],[mm],[×103 mm3],[×103 mm3],[×106 mm4],[mm],[×103 mm3],[×103 mm3],[×103 mm4],[×103 mm3],[×106 mm6],[×103 mm4],[kN],[kN],[kN],[kNm],[kNm],[kNm],[kNm],,,,,
,,,,,,,,,,(for η=1.2),,,,,,,,,,,,,,,,,,,,,,,,,
UB127x76x13,dxf,127,76,4,7.6,8,13,0.537,1652,643,1155,4.734,53.5,74.56,84.15,0.5574,18.4,14.67,22.58,28.5,7.125,2000,881.6,586.45,131.73,236.77,26.47,29.87,5.21,8.02,a,b,1,1,1
UB152x89x16,dxf,152,89,4.5,7.7,8,16,0.638,2032,818,1366,8.343,64.1,109.5,123.3,0.8975,21,20.24,31.18,35.6,7.911,4700,1465,721.38,167.61,279.97,38.87,43.76,7.18,11.07,a,b,1,2,1
UB178x102x19,dxf,178,101,4.8,7.9,8,19,0.738,2426,985,1599,13.56,74.8,152.5,171.3,1.367,23.7,27.02,41.59,44.1,9.188,9900,2303,861.28,201.92,327.72,54.15,60.8,9.59,14.76,a,b,1,2,1
UB203x102x23,dxf,203,102,5.4,9.3,8,23.1,0.79,2940,1238,1893,21.05,84.6,207.2,234.1,1.639,23.6,32.19,49.75,70.2,13,15400,3121,1043.67,253.74,388.09,73.55,83.09,11.43,17.66,a,b,1,3,1
UB203x133x25,dxf,203,133,5.7,7.8,8,25.1,0.915,3197,1283,2078,23.4,85.6,230.3,257.7,3.076,31,46.19,70.94,59.6,10.46,29400,4518,1134.87,263,425.89,81.77,91.49,16.4,25.19,a,b,1,2,1
UB203x133x30,dxf,207,134,6.4,9.6,8,30,0.923,3821,1458,2571,28.96,87.1,280,314.4,3.847,31.7,57.45,88.22,103,16.09,37400,5666,1356.49,298.74,526.93,99.41,111.6,20.4,31.32,a,b,1,2,1
UB254x102x22,dxf,254,102,5.7,6.8,8,22,0.89,2802,1644,1382,28.41,100.7,223.7,259,1.193,20.6,23.49,37.27,41.5,7.281,18200,2899,994.58,337.02,283.2,79.41,91.95,8.34,13.23,a,b,1,4,1
UB254x102x25,dxf,257,102,6,8.4,8,25.2,0.897,3204,1731,1712,34.15,103.2,265.5,305.5,1.487,21.5,29.18,46.01,64.2,10.7,23000,3629,1137.39,354.76,350.87,94.26,108.46,10.36,16.33,a,b,1,4,1
UB254x102x28,dxf,260,102,6.3,10,8,28.3,0.904,3608,1817,2044,40.05,105.4,307.6,352.8,1.785,22.2,34.94,54.85,95.7,15.19,28000,4377,1280.88,372.5,418.94,109.19,125.25,12.4,19.47,a,b,1,4,1
UB254x146x31,dxf,251,146,6,8.6,8,31.1,1.062,3968,1686,2513,44.13,105.5,351.1,393.1,4.475,33.6,61.26,94.13,85.5,14.25,66000,7442,1408.53,345.61,515.05,124.64,139.54,21.75,33.41,a,b,1,4,1
UB254x146x37,dxf,256,146,6.3,10.9,8,37,1.072,4717,1771,3192,55.37,108.3,432.6,483.2,5.706,34.8,77.96,119.4,153,24.29,85700,9553,1674.38,362.89,654.13,153.56,171.55,27.67,42.38,a,b,1,4,1
UB254x146x43,dxf,260,147,7.2,12.7,8,43,1.081,5477,2023,3741,65.44,109.3,504.1,566.3,6.774,35.2,91.97,141.1,239,33.19,103000,11330,1944.42,414.73,766.84,178.97,201.05,32.65,50.08,a,b,1,2,1
UB305x102x25,dxf,305,102,5.8,7,8,24.8,0.992,3160,2026,1422,44.55,118.7,292.1,342,1.229,19.7,24.2,38.81,47.7,8.224,27300,3606,1121.93,415.26,291.53,103.68,121.41,8.59,13.78,a,b,1,4,1
UB305x102x28,dxf,309,102,6,8.8,8,28.2,1,3588,2096,1792,53.66,122.3,347.6,402.9,1.554,20.8,30.53,48.45,74,12.33,34900,4573,1273.69,429.58,367.22,123.41,143.03,10.84,17.2,a,b,1,4,1
UB305x102x33,dxf,313,102,6.6,10.8,8,32.8,1.009,4183,2306,2212,65.01,124.7,415.8,480.8,1.941,21.5,37.91,60.04,122,18.48,44200,5719,1484.85,472.54,453.34,147.62,170.69,13.46,21.31,a,b,1,4,1
UB305x127x37,dxf,304,123,7.1,10.7,9,37,1.073,4718,2411,2641,71.71,123.3,471.1,539.4,3.362,26.7,54.49,85.41,148,20.85,72500,8002,1674.91,494.19,541.25,167.25,191.5,19.34,30.32,a,b,1,4,1
UB305x127x42,dxf,307,124,8,12.1,9,41.9,1.08,5340,2717,3008,81.96,123.9,533.6,613.5,3.888,27,62.55,98.41,211,26.38,84600,9226,1895.72,556.83,616.53,189.42,217.79,22.21,34.94,a,b,1,3,1
UB305x127x48,dxf,311,125,9,14,9,48.1,1.09,6123,3056,3508,95.75,125,615.7,710.7,4.61,27.4,73.59,116.1,318,35.33,102000,10960,2173.81,626.44,719.08,218.59,252.29,26.12,41.21,a,b,1,2,1
UB305x165x40,dxf,303,165,6,10.2,9,40.3,1.24,5132,2038,3366,85.03,128.7,560.5,623.1,7.644,38.6,92.65,141.7,147,24.5,164000,13560,1821.86,417.63,689.89,198.97,221.19,32.89,50.32,a,b,1,4,1
UB305x165x46,dxf,307,166,6.7,11.8,9,46.1,1.247,5875,2275,3911,98.99,129.8,645.7,720,8.957,39,108.1,165.5,222,33.13,195000,15970,2085.49,466.35,801.5,229.23,255.62,38.38,58.76,a,b,1,4,1
UB305x165x54,dxf,310,167,7.9,13.7,9,54,1.257,6877,2683,4573,117,130.4,753.6,846.1,10.63,39.3,127.4,195.6,348,44.05,234000,18900,2441.25,549.87,937.29,267.53,300.36,45.22,69.45,a,b,1,3,1
UB356x171x45,dxf,351,171,7,9.7,13,45.4,1.351,5782,2789,3319,122,145.2,694.1,782.6,8.114,37.5,94.84,146.9,169,24.14,237000,16210,2052.54,571.59,680.33,246.4,277.82,33.67,52.16,a,b,1,4,1
UB356x171x51,dxf,355,172,7.4,11.5,13,51.3,1.359,6540,2972,3944,142.7,147.7,803.7,904,9.686,38.5,113,174.6,251,33.92,286000,19420,2321.61,609.23,808.46,285.3,320.91,40.1,61.97,a,b,1,4,1
UB356x171x57,dxf,358,172,8.1,13,13,57.3,1.367,7305,3263,4477,161.7,148.8,903.2,1018,11.09,39,128.8,199.1,349,43.09,330000,22220,2593.22,668.81,917.64,320.64,361.43,45.71,70.7,a,b,1,4,1
UB356x171x67,dxf,363,173,9.1,15.7,13,67.5,1.38,8598,3701,5438,195.9,151,1078,1219,13.62,39.8,157.3,243.4,577,63.41,412000,27370,3052.34,758.62,1114.67,382.78,432.68,55.85,86.4,a,b,1,3,1
UB406x140x39,dxf,398,142,6.4,8.6,13,39.4,1.329,5015,2925,2439,126.8,159,637.2,732.8,4.101,28.6,57.84,91.2,116,18.12,155000,11230,1780.16,599.41,499.89,226.19,260.16,20.53,32.37,a,b,1,4,1
UB406x140x46,dxf,403,142,6.8,11.2,13,46.4,1.34,5913,3107,3185,158.6,163.8,786.5,896.8,5.384,30.2,75.72,118.5,202,29.71,207000,14850,2099.18,636.88,652.85,279.21,318.36,26.88,42.07,a,b,1,4,1
UB406x140x53,dxf,407,143,7.9,12.9,13,53.7,1.349,6844,3610,3697,184.5,164.2,907.7,1040,6.35,30.5,88.62,139.3,304,38.48,246000,17440,2429.59,739.9,757.76,322.24,369.25,31.46,49.46,a,b,1,4,1
UB406x178x54,dxf,403,178,7.7,10.9,13,54.5,1.479,6944,3519,3874,188.9,164.9,938.6,1064,10.22,38.4,115,178.7,243,31.56,392000,22530,2465.29,721.17,793.98,333.19,377.65,40.82,63.43,a,b,1,4,1
UB406x178x60,dxf,406,178,7.9,12.8,13,60.5,1.487,7701,3610,4554,217.7,168.1,1071,1209,12.03,39.5,135.3,209.4,348,44.05,466000,26620,2733.86,739.9,933.43,380.29,429.07,48.03,74.35,a,b,1,4,1
UB406x178x67,dxf,409,179,8.8,14.3,13,67.5,1.495,8603,4021,5114,245,168.8,1197,1355,13.65,39.8,152.7,237,479,54.43,533000,30180,3054.13,824.19,1048.1,424.92,481.09,54.22,84.12,a,b,1,4,1
UB406x178x74,dxf,413,180,9.5,16,13,74.6,1.503,9500,4341,5744,274.8,170.1,1331,1510,15.46,40.3,172.2,267.4,649,68.32,608000,34150,3372.52,889.75,1177.29,472.66,536.04,61.15,94.93,a,b,1,4,1
UB406x178x85,dxf,417,182,10.9,18.2,13,85.6,1.518,10910,4981,6621,318.7,170.9,1528,1742,18.31,41,201.3,313.6,957,87.8,729000,40180,3873.17,1020.87,1357.07,542.43,618.42,71.46,111.31,a,b,1,3,1
UB457x152x52,dxf,450,152,7.6,10.9,13,52.7,1.472,6714,3903,3322,215.9,179.3,959.8,1106,6.453,31,84.68,133.7,226,29.74,311000,18600,2383.32,800.03,680.94,340.73,392.76,30.06,47.46,a,b,1,4,1
UB457x152x60,dxf,455,153,8.1,13.3,13,60.2,1.483,7672,4160,4067,257.2,183.1,1131,1298,7.95,32.2,104,163.4,354,43.7,387000,22940,2723.7,852.66,833.6,401.65,460.65,36.92,58.02,a,b,1,4,1
UB457x152x67,dxf,458,154,9,15,13,67.5,1.491,8604,4622,4614,291.4,184,1273,1463,9.129,32.6,118.7,187.1,496,55.11,448000,26300,3054.58,947.4,945.68,451.79,519.51,42.14,66.42,a,b,1,4,1
UB457x152x74,dxf,462,154,9.6,17,13,74.6,1.501,9497,4931,5250,328.9,186.1,1424,1637,10.47,33.2,135.6,213.6,682,71.04,518000,30160,3371.38,1010.56,1075.95,505.47,581.1,48.14,75.81,a,b,1,4,1
UB457x152x82,dxf,466,155,10.5,18.9,13,82.4,1.51,10503,5393,5870,368.1,187.2,1580,1822,11.85,33.6,152.6,240.8,920,87.62,592000,34120,3728.49,1105.3,1203.18,561.01,646.75,54.17,85.5,a,b,1,4,1
UB457x191x67,dxf,453,190,8.5,12.7,13,67.5,1.628,8600,4366,4823,296,185.5,1306,1481,14.52,41.1,153,237.7,387,45.53,705000,33700,3052.97,894.77,988.61,463.48,525.88,54.31,84.39,a,b,1,4,1
UB457x191x74,dxf,457,190,9,14.5,13,74.7,1.636,9512,4622,5522,335.4,187.8,1468,1663,16.72,41.9,175.6,272.5,536,59.56,818000,38840,3376.78,947.4,1131.7,521.03,590.38,62.33,96.74,a,b,1,4,1
UB457x191x82,dxf,460,191,9.9,16,13,82.4,1.644,10497,5085,6122,372.7,188.4,1620,1842,18.71,42.2,195.6,304.3,714,72.12,922000,43420,3726.52,1042.14,1254.68,575.23,653.77,69.45,108.04,a,b,1,4,1
UB457x191x89,dxf,463,192,10.5,17.7,13,89.7,1.652,11426,5393,6793,412.3,190,1780,2024,20.9,42.8,217.8,338.8,933,88.86,1040000,48640,4056.13,1105.3,1392.34,631.74,718.51,77.32,120.28,a,b,1,4,1
UB457x191x98,dxf,467,193,11.4,19.6,13,98.7,1.661,12575,5855,7558,459.4,191.1,1967,2243,23.48,43.2,243.5,379.4,1240,108.8,1180000,54690,4464.27,1200.05,1549.03,698.21,796.17,86.45,134.68,a,b,1,4,1
UB457x191x106,dxf,469,194,12.6,20.6,13,106.2,1.667,13524,6471,7993,490.9,190.5,2093,2399,25.15,43.1,259.3,405.9,1490,118.3,1270000,58370,4801.04,1326.37,1638.2,742.84,851.66,92.05,144.1,a,b,1,3,1
UB457x191x133,dxf,481,197,15.3,26.3,13,133.7,1.696,17033,7858,10346,640.6,193.9,2666,3080,33.5,44.3,340.7,535.3,2980,194.8,1730000,77440,6046.81,1610.59,2120.6,946.34,1093.44,120.93,190.03,a,b,1,1,1
UB457x191x161,dxf,492,199,18,32,13,161.7,1.724,20604,9245,12762,800,197,3252,3789,42.51,45.4,426.4,672.5,5240,291.1,2250000,98120,7314.44,1894.81,2615.61,1154.41,1345,151.37,238.73,a,b,1,1,1
UB460x280x113,dxf,463,280,10.8,17.3,20,115.1,1.99,14658,5849,9688,567.2,196.7,2450,2727,63.38,65.8,452.7,694,1320,122.2,3150000,101000,5203.62,1198.79,1985.65,869.85,967.91,160.71,246.38,a,b,1,4,1
UB460x280x128,dxf,467,282,12.2,19.6,20,130.4,2.003,16617,6586,11054,648.2,197.5,2776,3103,73.37,66.4,520.3,798.9,1890,154.9,3670000,116400,5899.01,1349.79,2265.7,985.48,1101.55,184.71,283.6,a,b,1,3,1
UB460x280x144,dxf,472,283,13.6,22.1,20,146.6,2.014,18670,7346,12509,737.3,198.7,3124,3508,83.62,66.9,591,908.6,2660,195.6,4230000,132900,6627.87,1505.63,2563.75,1109.03,1245.33,209.79,322.56,a,b,1,2,1
UB460x280x158,dxf,476,284,15,23.9,20,159.7,2.024,20342,8081,13575,807.6,199.2,3393,3828,91.42,67,643.8,992,3370,224.7,4670000,145500,7221.25,1656.25,2782.36,1204.55,1359.02,228.54,352.17,a,b,1,1,1
UB460x280x177,dxf,482,286,16.6,26.9,20,179.3,2.04,22838,8974,15387,921.3,200.9,3823,4334,105.1,67.8,735,1134,4730,284.9,5440000,167200,8107.59,1839.31,3153.67,1357.17,1538.63,260.93,402.58,a,b,1,1,1
UB460x280x193,dxf,489,283,17,30.5,20,195.3,2.042,24882,9358,17263,1035,203.9,4232,4808,115.5,68.1,815.9,1257,6410,377.1,6070000,187100,8833.24,1917.98,3538.21,1502.41,1706.85,289.65,446.14,a,b,1,1,1
UB460x280x213,dxf,495,285,18.5,33.5,20,214.7,2.059,27356,10221,19095,1154,205.4,4664,5325,129.5,68.8,909.1,1402,8430,455.7,6900000,209800,9711.51,2094.91,3913.7,1655.89,1890.5,322.73,497.66,a,b,1,1,1
UB460x280x235,dxf,501,287,20.6,36.6,20,236.8,2.074,30164,11374,21008,1285,206.4,5128,5893,144.6,69.2,1008,1558,11060,536.9,7800000,234100,10708.38,2331.21,4305.87,1820.38,2091.87,357.71,553.02,a,b,1,1,1
UB460x280x260,dxf,509,289,22.6,40.4,20,262,2.094,33372,12550,23351,1448,208.3,5690,6579,163,69.9,1128,1747,14790,654.4,8950000,264400,11847.02,2572.18,4786.05,2019.85,2335.59,400.52,620.26,b,c,1,1,1
UB460x280x286,dxf,517,291,24.4,44.4,20,287.6,2.115,36632,13651,25841,1622,210.4,6274,7297,183,70.7,1258,1949,19420,795.9,10200000,296700,13004.45,2797.86,5296.31,2227.33,2590.3,446.42,692.03,b,c,1,1,1
UB460x280x315,dxf,525,293,26.9,48.5,20,316.2,2.134,40278,15101,28421,1810,212,6894,8075,204.1,71.2,1393,2165,25370,943.1,11600000,332300,14298.53,3095.13,5825.15,2447.36,2866.68,494.66,768.72,b,c,1,1,1
UB533x165x66,dxf,525,165,8.9,11.4,13,65.7,1.67,8370,5360,3764,350.3,204.6,1335,1561,8.588,32,104,166.3,320,35.96,566000,26720,2971.22,1098.64,771.52,473.99,554.13,36.93,59.04,a,b,1,4,1
UB533x165x74,dxf,529,166,9.7,13.6,13,74.7,1.681,9519,5842,4512,410.6,207.7,1552,1808,10.4,33,125.3,200,479,49.38,691000,32320,3379.37,1197.4,924.87,550.96,641.95,44.5,71.01,a,b,1,4,1
UB533x165x85,dxf,535,166,10.3,16.5,13,84.8,1.693,10803,6203,5494,486.3,212.2,1818,2107,12.75,34.4,153.1,243.1,738,71.65,857000,39720,3834.9,1271.46,1126.15,645.51,748.05,54.36,86.31,a,b,1,4,1
UB533x210x82,dxf,528,209,9.6,13.2,13,82.2,1.851,10469,5782,5512,475.4,213.1,1800,2059,20.07,43.8,192.3,300.4,515,53.65,1330000,49460,3716.5,1185.05,1129.8,638.89,730.81,68.26,106.63,a,b,1,4,1
UB533x210x92,dxf,533,209,10.1,15.6,13,92.1,1.861,11738,6083,6530,552.3,216.9,2072,2360,23.89,45.1,228.3,355.6,757,74.95,1600000,59090,4166.92,1246.77,1338.42,735.54,837.83,81.04,126.23,a,b,1,4,1
UB533x210x101,dxf,537,210,10.8,17.4,13,101,1.87,12867,6505,7308,615.2,218.7,2292,2612,26.92,45.7,256.4,399.4,1010,93.52,1810000,66390,4567.78,1333.18,1497.84,813.83,927.26,91.01,141.8,a,b,1,4,1
UB533x210x109,dxf,540,211,11.6,18.8,13,109,1.877,13887,6986,7926,668.2,219.4,2477,2828,29.43,46,279.2,435.8,1260,108.6,1990000,72520,4929.73,1431.94,1624.52,879.4,1004.09,99.11,154.7,a,b,1,4,1
UB533x210x122,dxf,544,212,12.7,21.3,13,122,1.889,15540,7649,9027,760.4,221.2,2793,3196,33.88,46.7,319.7,499.7,1780,140.2,2320000,83700,5516.53,1567.73,1850.16,991.56,1134.44,113.5,177.4,a,b,1,4,1
UB533x210x138,dxf,549,214,14.7,23.6,13,138.3,1.903,17612,8854,10096,860.9,221.1,3136,3613,38.64,46.8,361.3,568.4,2500,170.1,2670000,95010,6252.42,1814.61,2069.29,1113.14,1282.56,128.26,201.79,a,b,1,3,1
UB533x312x150,dxf,542,312,12.7,20.3,13,150.6,2.286,19180,7649,12667,1006,229.1,3710,4142,102.9,73.2,659.3,1010,2160,170.1,7010000,172100,6808.82,1567.73,2596.26,1317.04,1470.25,234.06,358.39,a,b,1,4,1
UB533x312x165,dxf,546,313,14,22.2,13,165.3,2.294,21058,8427,13897,1110,229.5,4064,4555,113.6,73.4,725.8,1113,2830,202.1,7790000,190100,7475.61,1727.17,2848.36,1442.83,1616.89,257.66,395.26,a,b,1,3,1
UB533x312x182,dxf,551,314,15.2,24.4,13,181.5,2.307,23115,9155,15348,1232,230.9,4475,5030,126.7,74,805.5,1237,3730,245.4,8770000,211900,8205.8,1876.33,3145.63,1588.66,1785.76,285.95,439.18,a,b,1,3,1
UB533x312x196,dxf,554,316,16.5,26.3,13,196.5,2.317,25033,9928,16622,1340,231.4,4837,5457,138.5,74.4,876.7,1349,4700,284.8,9640000,231200,8886.77,2034.78,3406.75,1717.24,1937.22,311.23,478.81,a,b,1,2,1
UB533x312x219,dxf,560,317,18.3,29.2,13,218.7,2.332,27859,11022,18536,1510,232.8,5389,6109,155.9,74.8,982.3,1515,6420,350.8,11000000,261000,9890.08,2259.01,3799.16,1913.13,2168.73,348.72,537.66,a,b,1,1,1
UB533x312x248,dxf,571,315,19,34.5,13,246.6,2.342,31411,11446,21735,1775,237.7,6217,7062,180,75.7,1143,1759,9770,514.2,13000000,307700,11151.07,2345.88,4454.79,2207.08,2506.94,405.78,624.32,a,b,1,1,1
UB533x312x272,dxf,577,320,21.1,37.6,13,273.2,2.371,34808,12708,24079,1986,238.9,6882,7858,206.1,77,1288,1985,12880,610.4,15000000,347300,12356.69,2604.65,4935.22,2443.08,2789.75,457.11,704.76,a,b,1,1,1
UB610x178x82,dxf,599,178,10,12.8,20,83.4,1.854,10628,6876,4554,574.9,232.6,1921,2252,12.09,33.7,136,220.1,570,57,1040000,39920,3772.8,1409.3,933.43,681.85,799.32,48.27,78.14,a,b,1,4,1
UB610x178x92,dxf,603,179,10.9,15,20,93.8,1.865,11953,7495,5364,661.9,235.3,2196,2569,14.39,34.7,161,260.2,810,74.31,1240000,47180,4243.34,1536.14,1099.4,779.41,911.84,57.14,92.37,a,b,1,4,1
UB610x178x100,dxf,607,179,11.3,17.2,20,101.9,1.875,12983,7770,6164,741.5,239,2441,2844,16.61,35.8,185.3,297.9,1070,94.69,1450000,54840,4608.87,1592.51,1263.47,866.7,1009.44,65.79,105.77,a,b,1,4,1
UB610x229x101,dxf,603,228,10.5,14.8,20,102.8,2.06,13097,7220,6737,774,243.1,2569,2939,29.17,47.2,256.4,402.5,867,82.57,2520000,75350,4649.37,1479.77,1380.8,911.92,1043.24,91.01,142.87,a,b,1,4,1
UB610x229x113,dxf,608,228,11.1,17.3,20,114.6,2.071,14599,7632,7896,889.4,246.8,2927,3338,34.37,48.5,301.2,471.5,1230,110.8,2990000,88790,5182.78,1564.32,1618.3,1039.25,1185.12,106.93,167.4,a,b,1,4,1
UB610x229x125,dxf,612,229,11.9,19.6,20,126.7,2.082,16139,8182,8977,1002,249.2,3274,3733,39.35,49.4,343.7,537.8,1680,141.2,3450000,101700,5729.3,1677.07,1839.88,1162.39,1325.37,122.01,190.91,a,b,1,4,1
UB610x229x140,dxf,617,230,13.1,22.1,20,141.5,2.095,18025,9023,10175,1134,250.8,3674,4200,45.09,50,391.7,613.9,2330,177.9,3990000,116500,6398.7,1849.38,2085.43,1304.44,1490.87,139.06,217.94,a,b,1,4,1
UB610x305x149,dxf,612,305,11.8,19.7,20,150,2.386,19114,8125,12009,1267,257.5,4139,4624,93.09,69.8,610.9,938.6,2080,176.3,8180000,181100,6785.43,1665.34,2461.38,1469.37,1641.63,216.85,333.2,a,b,1,4,1
UB610x305x179,dxf,620,307,14.1,23.6,20,179.9,2.406,22918,9699,14495,1539,259.1,4962,5578,114.1,70.6,743.1,1145,3510,248.9,10200000,222700,8135.81,1987.99,2970.91,1761.68,1980.22,263.8,406.58,a,b,1,4,1
UB610x305x238,dxf,636,311,18.4,31.4,20,239,2.446,30442,12720,19556,2103,262.9,6616,7517,158.4,72.1,1017,1576,8030,436.4,14500000,308200,10807.08,2607.15,4008.17,2348.8,2668.52,361.14,559.35,a,b,1,2,1
UB610x324x155,dxf,611,324,12.7,19,20,156.5,2.458,19932,8733,12312,1306,255.9,4273,4784,107.8,73.6,665.7,1024,2100,165.4,9450000,197100,7076.02,1789.81,2523.46,1517.06,1698.19,236.33,363.55,a,b,1,4,1
UB610x324x174,dxf,616,325,14,21.6,20,175.9,2.47,22403,9623,14040,1487,257.7,4829,5418,123.8,74.3,761.6,1173,2980,212.9,10900000,225700,7952.91,1972.33,2877.63,1714.17,1923.33,270.37,416.33,a,b,1,4,1
UB610x324x195,dxf,622,327,15.4,24.4,20,197.3,2.487,25128,10593,15958,1695,259.7,5449,6130,142.4,75.3,871.1,1343,4180,271.4,12700000,260000,8920.53,2171.08,3270.66,1934.28,2176.13,309.24,476.66,a,b,1,4,1
UB610x324x217,dxf,628,328,16.5,27.7,20,219.5,2.501,27962,11356,18171,1924,262.3,6126,6903,163.2,76.4,995,1533,5860,355.2,14700000,298600,9926.67,2327.58,3724.36,2174.8,2450.68,353.24,544.35,a,b,1,3,1
UB610x324x241,dxf,635,329,17.9,31,20,243.3,2.516,30998,12395,20398,2170,264.6,6835,7726,184.3,77.1,1121,1728,8020,448,16800000,338200,11004.31,2540.46,4180.76,2426.26,2742.84,397.8,613.53,a,b,1,2,1
UB610x324x262,dxf,641,327,19,34,20,262.7,2.518,33466,13236,22236,2376,266.4,7412,8405,198.5,77,1214,1874,10280,541.1,18300000,368800,11880.56,2712.92,4557.48,2631.26,2983.79,431.08,665.38,a,b,1,2,1
UB610x324x285,dxf,647,329,20.6,37.1,20,287,2.534,36555,14391,24412,2623,267.9,8108,9231,220.7,77.7,1342,2074,13290,645.1,20500000,408700,12976.97,2949.63,5003.43,2878.28,3276.97,476.27,736.17,a,b,1,1,1
UB610x324x307,dxf,653,330,22.1,39.9,20,308.9,2.547,39345,15489,26334,2852,269.3,8736,9985,239.6,78,1452,2248,16460,744.8,22500000,444800,13967.5,3174.59,5397.4,3101.33,3544.62,515.47,797.99,a,b,1,1,1
UB610x324x341,dxf,661,333,24.4,43.9,20,342,2.571,43567,17157,29237,3198,271,9678,11120,271,78.9,1627,2525,21960,900,25800000,502200,15466.23,3516.41,5992.48,3435.56,3948.41,577.74,896.39,b,c,1,1,1
UB610x324x372,dxf,669,335,26.4,48,20,373.9,2.591,47631,18658,32160,3548,272.9,10610,12250,301.8,79.6,1802,2799,28500,1080,29100000,559500,16908.85,3824.08,6591.49,3765.37,4348.57,639.54,993.75,b,c,1,1,1
UB686x254x125,dxf,678,253,11.7,16.2,20,126.3,2.31,16093,9063,8197,1194,272.4,3524,4040,43.85,52.2,346.7,544.1,1240,106,4800000,114700,5712.98,1857.51,1680.09,1251.05,1434.23,123.06,193.16,a,b,1,4,1
UB686x254x140,dxf,684,254,12.4,19,20,141.2,2.323,17988,9605,9641,1377,276.7,4030,4604,51.86,53.7,408.8,639.9,1790,144.4,5720000,135700,6385.8,1968.64,1975.93,1430.63,1634.44,145.12,227.18,a,b,1,4,1
UB686x254x152,dxf,688,254,13.2,21,20,153.5,2.332,19553,10225,10689,1518,278.6,4416,5046,57.86,54.4,454.7,712,2310,175,6430000,151600,6941.3,2095.65,2190.81,1567.79,1791.47,161.43,252.76,a,b,1,4,1
UB686x254x170,dxf,693,256,14.5,23.7,20,171.4,2.346,21828,11232,12125,1718,280.5,4958,5677,66.33,55.1,518.6,813.3,3220,222.1,7430000,173600,7748.95,2302.04,2485.12,1760.22,2015.23,184.11,288.74,a,b,1,4,1
UB762x267x134,dxf,750,264,12,15.5,20,134.8,2.499,17168,10354,8196,1521,297.6,4055,4683,47.9,52.8,362.3,571.3,1250,104.2,6460000,133100,6094.56,2122.07,1679.93,1439.51,1662.44,128.61,202.8,a,b,1,4,1
UB762x267x147,dxf,754,265,12.8,17.5,20,147.8,2.509,18829,11044,9282,1699,300.4,4506,5194,54.57,53.8,411.6,648.6,1660,129.7,7400000,151500,6684.14,2263.54,1902.43,1599.58,1843.97,146.1,230.25,a,b,1,4,1
UB762x267x161,dxf,758,266,13.8,19.3,20,161.2,2.518,20539,11913,10268,1873,301.9,4941,5700,60.75,54.4,456.8,720.9,2150,155.8,8290000,168800,7291.23,2441.73,2104.44,1753.94,2023.43,162.15,255.94,a,b,1,4,1
UB762x267x173,dxf,762,267,14.3,21.6,20,173.9,2.528,22147,12338,11521,2067,305.5,5422,6236,68.52,55.6,513.8,808.9,2770,193.7,9400000,190400,7862.01,2528.8,2361.43,1924.99,2213.93,182.41,287.17,a,b,1,4,1
UB762x267x185,dxf,766,267,14.9,23.6,20,185.7,2.536,23656,12852,12602,2241,307.8,5852,6724,75.12,56.4,562.7,885.2,3430,230.2,10400000,209900,8397.84,2634.17,2582.98,2077.59,2387.19,199.76,314.25,a,b,1,4,1
UB762x267x197,dxf,770,268,15.6,25.4,20,197.6,2.546,25174,13460,13614,2413,309.6,6270,7205,81.77,57,610.2,960.1,4170,267.3,11300000,226600,8936.83,2758.69,2790.4,2225.79,2557.89,216.63,340.84,a,b,1,4,1
UB838x292x176,dxf,835,292,14,18.8,20,176.4,2.774,22473,13395,10968,2471,331.6,5920,6836,78,58.9,534.8,842.8,2270,162.1,13000000,218400,7978.09,2745.36,2247.98,2101.51,2426.68,189.86,299.21,a,b,1,4,1
UB838x292x194,dxf,841,292,14.7,21.7,20,194.3,2.787,24754,14064,12690,2803,336.5,6668,7668,90.68,60.5,620.2,974.8,3120,212.2,15200000,253900,8787.61,2882.62,2600.97,2367.01,2722.18,220.18,346.05,a,b,1,4,1
UB838x292x210,dxf,846,293,15.4,24.4,20,211.3,2.799,26919,14732,14298,3117,340.3,7369,8456,102.6,61.7,700.3,1099,4130,268.2,17300000,287500,9556.12,3019.51,2930.59,2616.08,3001.84,248.6,390.07,a,b,1,4,1
UB838x292x226,dxf,851,294,16.1,26.8,20,227.1,2.81,28928,15404,15748,3408,343.2,8010,9183,113.6,62.7,773.4,1213,5220,324.2,19300000,318800,10269.29,3157.16,3227.63,2843.69,3259.9,274.56,430.48,a,b,1,4,1
UB914x305x201,dxf,903,303,15.1,20.2,19,200.9,2.956,25592,15630,12253,3253,356.5,7204,8351,94.23,60.7,621.4,982,2910,192.7,18400000,274900,9085.07,3203.58,2511.43,2557.37,2964.69,220.58,348.6,a,b,1,4,1
UB914x305x224,dxf,910,304,15.9,23.9,19,224.2,2.973,28564,16458,14536,3764,363,8269,9535,112.4,62.7,739,1163,4220,265.4,22100000,327900,10140.39,3373.3,2979.28,2935.56,3384.75,262.33,413.02,a,b,1,4,1
UB914x305x239,dxf,915,305,16.5,25.9,19,238.3,2.984,30355,17091,15799,4065,365.9,8885,10230,122.9,63.6,805.6,1267,5150,312.1,24300000,358400,10776.01,3503.03,3238.15,3154.05,3631.96,285.98,449.91,a,b,1,4,1
UB914x305x253,dxf,918,306,17.3,27.9,19,253.4,2.991,32283,17908,17047,4363,367.6,9501,10940,133,64.2,870.8,1371,6260,361.8,26400000,388200,11460.48,3670.33,3493.92,3373,3884.41,309.13,486.54,a,b,1,4,1
UB914x305x271,dxf,923,307,18.4,30,19,271.7,3.004,34612,19055,18420,4716,369.1,10220,11780,145.2,64.8,945.8,1491,7700,418.5,28900000,421700,12287.39,3905.51,3775.35,3627.94,4183.41,335.76,529.3,a,b,1,4,1
UB914x305x289,dxf,927,308,19.5,32,19,289.1,3.012,36827,20185,19693,5042,370,10880,12570,156,65.1,1014,1601,9260,474.9,31200000,453400,13073.46,4137.07,4036.22,3863.29,4462.24,359.9,568.45,a,b,1,4,1
UB914x305x313,dxf,932,309,21.1,34.5,19,312.8,3.025,39843,21851,21321,5483,371,11770,13630,170.4,65.4,1103,1748,11620,550.7,34300000,494700,14144.43,4478.6,4369.94,4176.94,4838.74,391.52,620.45,a,b,1,4,1
UB914x419x343,dxf,912,418,19.4,32,24,343.3,3.417,43730,19737,26784,6258,378.3,13730,15480,391.6,94.6,1871,2890,11930,614.9,75800000,823500,15524.11,4045.24,5489.63,4872.82,5494.32,664.29,1025.8,a,b,1,4,1
UB914x419x365,dxf,916,419,20.3,34.3,24,364.8,3.428,46472,20643,28771,6711,380,14650,16540,422.4,95.3,2015,3112,14420,710.3,82100000,888100,16497.43,4230.91,5896.85,5201.79,5870.45,715.15,1104.64,a,b,1,4,1
UB914x419x388,dxf,921,420,21.4,36.6,24,388,3.44,49422,21772,30781,7196,381.6,15630,17670,454.4,95.9,2161,3341,17340,810.3,88900000,956200,17544.84,4462.27,6308.77,5547.67,6271.16,767.21,1186.02,a,b,1,4,1
UB1016x305x222,dxf,970,300,16,21.1,30,222,3.057,28282,17820,12660,4080,379.8,8409,9807,95.46,58.1,636.4,1020,3900,243.8,21500000,302000,10040.17,3652.28,2594.79,2985.18,3481.57,225.92,362.19,a,b,1,4,1
UB1016x305x249,dxf,980,300,16.5,26,30,248.7,3.076,31686,18376,15600,4812,389.7,9819,11350,117.5,60.9,783.6,1245,5820,352.7,26800000,374500,11248.61,3766.41,3197.37,3485.83,4028.7,278.19,441.88,a,b,1,4,1
UB1016x305x272,dxf,990,300,16.5,31,30,272.3,3.096,34686,18458,18600,5540,399.6,11190,12830,140,63.5,933.6,1470,8350,506.1,32200000,447600,12313.61,3783.08,3812.24,3972.55,4553.27,331.44,521.75,a,b,1,4,1
UB1016x305x314,dxf,1000,300,19.1,35.9,30,314.3,3.11,40039,21339,21540,6441,401.1,12880,14850,162.3,63.7,1082,1713,12640,661.8,37700000,521400,14213.94,4373.62,4414.82,4573.31,5271.27,384.15,608.01,a,b,1,4,1
UB1016x305x349,dxf,1008,302,21.1,40,30,349.4,3.13,44515,23599,24160,7231,403,14350,16590,184.6,64.4,1223,1941,17180,814.2,43300000,592400,15802.99,4836.93,4951.82,5092.98,5890.06,434.01,688.95,a,b,1,4,1
UB1016x305x393,dxf,1016,303,24.4,43.9,30,392.7,3.143,50022,27175,26603,8075,401.8,15900,18540,205,64,1353,2168,23300,954.9,48400000,657300,17757.67,5569.72,5452.62,5643.54,6580.61,480.27,769.62,b,c,1,4,1
UB1016x305x437,dxf,1026,305,26.9,49,30,437,3.168,55668,29997,29929,9103,404.4,17740,20770,234.5,64.9,1535,2469,31850,1184,56000000,750700,19762.02,6148.07,6134.27,6298.88,7372.62,545.09,876.34,b,c,1,3,1
UB1016x305x487,dxf,1036,308,30,54.1,30,486.7,3.195,61995,33485,33380,10220,406,19720,23210,267.2,65.7,1732,2800,42990,1433,64400000,850100,22008.32,6862.97,6841.48,7001.23,8238.26,614.98,994,b,c,1,2,1
